x	y	SDRAM address	size/bytes	time taken/s	transfer rate/(Mb/s)	missing sequence numbers
0	0	0x602439c0	12	0.001187	0.077107	[]
0	0	0x602439cc	4	0.000458	0.066670	[]
0	0	0x602439d0	1224	0.000942	9.915101	[]
0	0	0x60243e98	24	0.000463	0.395731	[]
0	0	0x6024405c	12	0.000418	0.219051	[]
0	0	0x60244068	156	0.000443	2.689673	[]
0	0	0x60244888	4	0.000446	0.068488	[]
0	0	0x6024488c	36	0.000443	0.620261	[]
0	0	0x602448b0	32	0.000430	0.567502	[]
0	0	0x60254a84	4	0.000467	0.065387	[]
0	0	0x60254a88	184	0.000490	2.862742	[]
0	0	0x60254b44	516	0.000485	8.110992	[]
0	0	0x60254d48	4	0.000418	0.073078	[]
0	0	0x60254f70	76	0.000420	1.380189	[]
0	0	0x602558d0	12	0.000441	0.207461	[]
0	0	0x602558dc	156	0.000403	2.950890	[]
0	0	0x602560fc	4	0.000458	0.066686	[]
0	0	0x60256100	36	0.000428	0.641018	[]
0	0	0x60256124	32	0.000440	0.554837	[]
0	0	0x602662f8	4	0.000431	0.070732	[]
0	0	0x602662fc	184	0.000439	3.201154	[]
0	0	0x602663b8	516	0.000562	7.001648	[]
0	0	0x602665bc	4	0.000365	0.083635	[]
0	0	0x602667e4	76	0.000410	1.413808	[]
0	0	0x60267144	12	0.000438	0.208890	[]
0	0	0x60267150	156	0.000454	2.621600	[]
0	0	0x60267970	4	0.000429	0.071208	[]
0	0	0x60267974	36	0.000548	0.501080	[]
0	0	0x60267998	32	0.000414	0.589737	[]
0	0	0x60277b6c	4	0.000442	0.069117	[]
0	0	0x60277b70	184	0.000445	3.151850	[]
0	0	0x60277c2c	516	0.000477	8.251071	[]
0	0	0x60277e30	4	0.000521	0.058530	[]
0	0	0x60278058	76	0.000509	1.138242	[]
0	0	0x602789b8	12	0.000420	0.218060	[]
0	0	0x602789c4	156	0.000424	2.805837	[]
0	0	0x602791e4	4	0.000434	0.070328	[]
0	0	0x602791e8	36	0.000436	0.630382	[]
0	0	0x6027920c	32	0.000494	0.493850	[]
0	0	0x602893e0	4	0.000423	0.072065	[]
0	0	0x602893e4	184	0.000413	3.400847	[]
0	0	0x602894a0	516	0.000451	8.729130	[]
0	0	0x602896a4	4	0.000433	0.070504	[]
0	0	0x602898cc	76	0.000426	1.359638	[]
0	0	0x6028a22c	12	0.000424	0.215931	[]
0	0	0x6028a238	156	0.000439	2.714022	[]
0	0	0x6028aa58	4	0.000471	0.064853	[]
0	0	0x6028aa5c	36	0.000525	0.522798	[]
0	0	0x6028aa80	32	0.000425	0.574176	[]
0	0	0x6029ac54	4	0.000429	0.071173	[]
0	0	0x6029ac58	184	0.000404	3.473209	[]
0	0	0x6029ad14	516	0.000543	7.255083	[]
0	0	0x6029af18	4	0.000441	0.069158	[]
0	0	0x6029b140	76	0.000439	1.319328	[]
0	0	0x6029baa0	12	0.000398	0.230042	[]
0	0	0x6029baac	156	0.000403	2.954252	[]
0	0	0x6029c2cc	4	0.000420	0.072610	[]
0	0	0x6029c2d0	36	0.000399	0.688915	[]
0	0	0x6029c2f4	32	0.000413	0.591753	[]
0	0	0x602ac4c8	4	0.000401	0.076117	[]
0	0	0x602ac4cc	184	0.000426	3.297632	[]
0	0	0x602ac588	516	0.000556	7.083039	[]
0	0	0x602ac78c	4	0.000467	0.065391	[]
0	0	0x602ac9b4	76	0.000439	1.321222	[]
0	0	0x602ad314	12	0.000414	0.221328	[]
0	0	0x602ad320	156	0.000409	2.911541	[]
0	0	0x602adb40	4	0.000416	0.073278	[]
0	0	0x602adb44	36	0.000420	0.653432	[]
0	0	0x602adb68	32	0.000398	0.613631	[]
0	0	0x602bdd3c	4	0.000397	0.076928	[]
0	0	0x602bdd40	184	0.000442	3.174874	[]
0	0	0x602bddfc	516	0.000525	7.494279	[]
0	0	0x602be000	4	0.000402	0.075840	[]
0	0	0x602be228	76	0.000430	1.348978	[]
0	0	0x602beb88	12	0.000392	0.233683	[]
0	0	0x602beb94	156	0.000389	3.056601	[]
0	0	0x602bf3b4	4	0.000379	0.080574	[]
0	0	0x602bf3b8	36	0.000468	0.587025	[]
0	0	0x602bf3dc	32	0.000476	0.512855	[]
0	0	0x602cf5b0	4	0.000381	0.080157	[]
0	0	0x602cf5b4	184	0.000379	3.703863	[]
0	0	0x602cf670	516	0.000515	7.648635	[]
0	0	0x602cf874	4	0.000448	0.068081	[]
0	0	0x602cfa9c	76	0.000402	1.442186	[]
0	0	0x602d03fc	12	0.000370	0.247305	[]
0	0	0x602d0408	156	0.000387	3.078900	[]
0	0	0x602d0c28	4	0.000372	0.081933	[]
0	0	0x602d0c2c	36	0.000389	0.706949	[]
0	0	0x602d0c50	32	0.000381	0.640048	[]
0	0	0x602e0e24	4	0.000372	0.081935	[]
0	0	0x602e0e28	184	0.000414	3.390424	[]
0	0	0x602e0ee4	516	0.000507	7.759593	[]
0	0	0x602e10e8	4	0.000374	0.081508	[]
0	0	0x602e1310	76	0.000372	1.560493	[]
0	0	0x602e1c70	12	0.000363	0.252252	[]
0	0	0x602e1c7c	156	0.000373	3.189042	[]
0	0	0x602e249c	4	0.000353	0.086557	[]
0	0	0x602e24a0	36	0.000376	0.730295	[]
0	0	0x602e24c4	32	0.000398	0.613818	[]
0	0	0x602f2698	4	0.000370	0.082433	[]
0	0	0x602f269c	184	0.000409	3.435975	[]
0	0	0x602f2758	516	0.000482	8.161438	[]
0	0	0x602f295c	4	0.000374	0.081600	[]
0	0	0x602f2b84	76	0.000367	1.579662	[]
0	0	0x602f34e4	12	0.000400	0.229098	[]
0	0	0x602f34f0	156	0.000424	2.804250	[]
0	0	0x602f3d10	4	0.000412	0.074027	[]
0	0	0x602f3d14	36	0.000395	0.695439	[]
0	0	0x602f3d38	32	0.000378	0.645820	[]
0	0	0x60303f0c	4	0.000363	0.084086	[]
0	0	0x60303f10	184	0.000363	3.869043	[]
0	0	0x60303fcc	516	0.000476	8.278485	[]
0	0	0x603041d0	4	0.000369	0.082728	[]
0	0	0x603043f8	76	0.000381	1.523469	[]
0	0	0x60304d58	12	0.000363	0.252419	[]
0	0	0x60304d64	156	0.000399	2.981935	[]
0	0	0x60305584	4	0.000355	0.085994	[]
0	0	0x60305588	36	0.000363	0.756590	[]
0	0	0x603055ac	32	0.000376	0.649065	[]
0	0	0x60315780	4	0.000360	0.084709	[]
0	0	0x60315784	184	0.000359	3.910962	[]
0	0	0x60315840	516	0.000466	8.446150	[]
0	0	0x60315a44	4	0.000377	0.081023	[]
0	0	0x60315c6c	76	0.000378	1.532404	[]
0	0	0x603165cc	12	0.000368	0.248730	[]
0	0	0x603165d8	156	0.000381	3.127204	[]
0	0	0x60316df8	4	0.000362	0.084407	[]
0	0	0x60316dfc	36	0.000389	0.705879	[]
0	0	0x60316e20	32	0.000408	0.598660	[]
0	0	0x60326ff4	4	0.000406	0.075225	[]
0	0	0x60326ff8	184	0.000378	3.709050	[]
0	0	0x603270b4	516	0.000496	7.929646	[]
0	0	0x603272b8	4	0.000367	0.083088	[]
0	0	0x603274e0	76	0.000362	1.600284	[]
0	0	0x60327e40	12	0.000356	0.257358	[]
0	0	0x60327e4c	156	0.000372	3.199750	[]
0	0	0x6032866c	4	0.000361	0.084428	[]
0	0	0x60328670	36	0.000378	0.726300	[]
0	0	0x60328694	32	0.000371	0.658929	[]
0	0	0x60338868	4	0.000366	0.083354	[]
0	0	0x6033886c	184	0.000361	3.888537	[]
0	0	0x60338928	516	0.000468	8.415277	[]
0	0	0x60338b2c	4	0.000364	0.083906	[]
0	0	0x60338d54	76	0.000368	1.575456	[]
1	0	0x602435c0	12	0.000387	0.236587	[]
1	0	0x602435cc	156	0.000369	3.227429	[]
1	0	0x60243dec	4	0.000365	0.083545	[]
1	0	0x60243df0	36	0.000368	0.747121	[]
1	0	0x60243e14	32	0.000364	0.670512	[]
1	0	0x60253fe8	4	0.000360	0.084752	[]
1	0	0x60253fec	184	0.000364	3.858822	[]
1	0	0x602540a8	516	0.000473	8.316611	[]
1	0	0x602542ac	4	0.000358	0.085228	[]
1	0	0x602544d4	76	0.000355	1.634201	[]
1	0	0x60254e34	12	0.000355	0.258214	[]
1	0	0x60254e40	156	0.000359	3.315086	[]
1	0	0x60255660	4	0.000365	0.083639	[]
1	0	0x60255664	36	0.000360	0.763317	[]
1	0	0x60255688	32	0.000359	0.679221	[]
1	0	0x6026585c	4	0.000359	0.085057	[]
1	0	0x60265860	184	0.000364	3.851845	[]
1	0	0x6026591c	516	0.000473	8.319054	[]
1	0	0x60265b20	4	0.000364	0.083763	[]
1	0	0x60265d48	76	0.000366	1.584545	[]
1	0	0x602666a8	12	0.000385	0.237514	[]
1	0	0x602666b4	156	0.000363	3.275851	[]
1	0	0x60266ed4	4	0.000391	0.077980	[]
1	0	0x60266ed8	36	0.000388	0.708591	[]
1	0	0x60266efc	32	0.000416	0.586197	[]
1	0	0x602770d0	4	0.000440	0.069400	[]
1	0	0x602770d4	184	0.000396	3.541555	[]
1	0	0x60277190	516	0.000471	8.350835	[]
1	0	0x60277394	4	0.000380	0.080408	[]
1	0	0x602775bc	76	0.000364	1.594256	[]
1	0	0x60277f1c	12	0.000352	0.260291	[]
1	0	0x60277f28	156	0.000358	3.321841	[]
1	0	0x60278748	4	0.000356	0.085718	[]
1	0	0x6027874c	36	0.000363	0.755654	[]
1	0	0x60278770	32	0.000358	0.682373	[]
1	0	0x60288944	4	0.000353	0.086525	[]
1	0	0x60288948	184	0.000353	3.976558	[]
1	0	0x60288a04	516	0.000458	8.589335	[]
1	0	0x60288c08	4	0.000352	0.086761	[]
1	0	0x60288e30	76	0.000356	1.628926	[]
1	0	0x60289790	12	0.000356	0.256896	[]
1	0	0x6028979c	156	0.000359	3.317664	[]
1	0	0x60289fbc	4	0.000366	0.083347	[]
1	0	0x60289fc0	36	0.000359	0.764317	[]
1	0	0x60289fe4	32	0.000369	0.660747	[]
1	0	0x6029a1b8	4	0.000367	0.083048	[]
1	0	0x6029a1bc	184	0.000357	3.933989	[]
1	0	0x6029a278	516	0.000472	8.348887	[]
1	0	0x6029a47c	4	0.000364	0.083883	[]
1	0	0x6029a6a4	76	0.000368	1.575542	[]
1	0	0x6029b004	12	0.000354	0.258623	[]
1	0	0x6029b010	156	0.000362	3.285437	[]
1	0	0x6029b830	4	0.000355	0.085924	[]
1	0	0x6029b834	36	0.000357	0.770274	[]
1	0	0x6029b858	32	0.000360	0.678598	[]
1	0	0x602aba2c	4	0.000358	0.085294	[]
1	0	0x602aba30	184	0.000353	3.971720	[]
1	0	0x602abaec	516	0.000463	8.510422	[]
1	0	0x602abcf0	4	0.000355	0.085890	[]
1	0	0x602abf18	76	0.000356	1.628926	[]
1	0	0x602ac878	12	0.000343	0.266846	[]
1	0	0x602ac884	156	0.000379	3.140157	[]
1	0	0x602ad0a4	4	0.000362	0.084223	[]
1	0	0x602ad0a8	36	0.000356	0.770988	[]
1	0	0x602ad0cc	32	0.000361	0.676944	[]
1	0	0x602bd2a0	4	0.000354	0.086088	[]
1	0	0x602bd2a4	184	0.000356	3.940394	[]
1	0	0x602bd360	516	0.000465	8.457236	[]
1	0	0x602bd564	4	0.000357	0.085581	[]
1	0	0x602bd78c	76	0.000359	1.614273	[]
1	0	0x602be0ec	12	0.000363	0.252558	[]
1	0	0x602be0f8	156	0.000358	3.320441	[]
1	0	0x602be918	4	0.000356	0.085747	[]
1	0	0x602be91c	36	0.000359	0.764424	[]
1	0	0x602be940	32	0.000358	0.682813	[]
1	0	0x602ceb14	4	0.000361	0.084517	[]
1	0	0x602ceb18	184	0.000361	3.893066	[]
1	0	0x602cebd4	516	0.000472	8.339514	[]
1	0	0x602cedd8	4	0.000358	0.085204	[]
1	0	0x602cf000	76	0.000360	1.610060	[]
1	0	0x602cf960	12	0.000356	0.257416	[]
1	0	0x602cf96c	156	0.000358	3.323881	[]
1	0	0x602d018c	4	0.000347	0.087848	[]
1	0	0x602d0190	36	0.000364	0.754966	[]
1	0	0x602d01b4	32	0.000361	0.675521	[]
1	0	0x602e0388	4	0.000366	0.083465	[]
1	0	0x602e038c	184	0.000378	3.717901	[]
1	0	0x602e0448	516	0.000463	8.499966	[]
1	0	0x602e064c	4	0.000358	0.085247	[]
1	0	0x602e0874	76	0.000360	1.611133	[]
1	0	0x602e11d4	12	0.000352	0.260202	[]
1	0	0x602e11e0	156	0.000361	3.294796	[]
1	0	0x602e1a00	4	0.000357	0.085507	[]
1	0	0x602e1a04	36	0.000354	0.775211	[]
1	0	0x602e1a28	32	0.000351	0.695851	[]
1	0	0x602f1bfc	4	0.000364	0.083860	[]
1	0	0x602f1c00	184	0.000362	3.877164	[]
1	0	0x602f1cbc	516	0.000458	8.601911	[]
1	0	0x602f1ec0	4	0.000322	0.094760	[]
1	0	0x602f20e8	76	0.000358	1.618062	[]
1	0	0x602f2a48	12	0.000352	0.260381	[]
1	0	0x602f2a54	156	0.000353	3.367614	[]
1	0	0x602f3274	4	0.000351	0.086981	[]
1	0	0x602f3278	36	0.000350	0.785115	[]
1	0	0x602f329c	32	0.000354	0.688960	[]
1	0	0x60303470	4	0.000362	0.084202	[]
1	0	0x60303474	184	0.000354	3.966659	[]
1	0	0x60303530	516	0.000454	8.665168	[]
1	0	0x60303734	4	0.000356	0.085750	[]
1	0	0x6030395c	76	0.000355	1.635399	[]
1	0	0x603042bc	12	0.000356	0.257018	[]
1	0	0x603042c8	156	0.000373	3.194949	[]
1	0	0x60304ae8	4	0.000358	0.085190	[]
1	0	0x60304aec	36	0.000421	0.652997	[]
1	0	0x60304b10	32	0.000378	0.646504	[]
1	0	0x60314ce4	4	0.000366	0.083454	[]
1	0	0x60314ce8	184	0.000366	3.838154	[]
1	0	0x60314da4	516	0.000474	8.304331	[]
1	0	0x60314fa8	4	0.000380	0.080402	[]
1	0	0x603151d0	76	0.000369	1.571532	[]
1	0	0x60315b30	12	0.000412	0.222171	[]
1	0	0x60315b3c	156	0.000404	2.947959	[]
1	0	0x6031635c	4	0.000402	0.076009	[]
1	0	0x60316360	36	0.000385	0.712672	[]
1	0	0x60316384	32	0.000382	0.638757	[]
1	0	0x60326558	4	0.000386	0.078991	[]
1	0	0x6032655c	184	0.000383	3.668247	[]
1	0	0x60326618	516	0.000490	8.034678	[]
1	0	0x6032681c	4	0.000375	0.081458	[]
1	0	0x60326a44	76	0.000383	1.514591	[]
1	0	0x603273a4	12	0.000436	0.209819	[]
1	0	0x603273b0	156	0.000383	3.111181	[]
1	0	0x60327bd0	4	0.000388	0.078706	[]
1	0	0x60327bd4	36	0.000379	0.724478	[]
1	0	0x60327bf8	32	0.000370	0.660552	[]
1	0	0x60337dcc	4	0.000368	0.083029	[]
1	0	0x60337dd0	184	0.000370	3.795195	[]
1	0	0x60337e8c	516	0.000457	8.611883	[]
1	0	0x60338090	4	0.000348	0.087701	[]
1	0	0x603382b8	76	0.000354	1.639519	[]
1	0	0x60338c18	12	0.000345	0.265131	[]
1	0	0x60338c24	156	0.000356	3.343396	[]
1	0	0x60339444	4	0.000353	0.086405	[]
1	0	0x60339448	36	0.000352	0.780075	[]
1	0	0x6033946c	32	0.000343	0.710783	[]
1	0	0x60349640	4	0.000351	0.086917	[]
1	0	0x60349644	184	0.000352	3.990564	[]
1	0	0x60349700	516	0.000450	8.744447	[]
1	0	0x60349904	4	0.000347	0.087954	[]
1	0	0x60349b2c	76	0.000347	1.669543	[]
1	0	0x6034a48c	12	0.000345	0.265246	[]
1	0	0x6034a498	156	0.000351	3.393733	[]
1	0	0x6034acb8	4	0.000348	0.087656	[]
1	0	0x6034acbc	36	0.000346	0.793438	[]
1	0	0x6034ace0	32	0.000343	0.712505	[]
1	0	0x6035aeb4	4	0.000345	0.088387	[]
1	0	0x6035aeb8	184	0.000342	4.104931	[]
1	0	0x6035af74	516	0.000453	8.691358	[]
1	0	0x6035b178	4	0.000346	0.088201	[]
1	0	0x6035b3a0	76	0.000357	1.622544	[]
1	1	0x602435c0	12	0.000370	0.247352	[]
1	1	0x602435cc	156	0.000346	3.441713	[]
1	1	0x60243dec	4	0.000359	0.084936	[]
1	1	0x60243df0	36	0.000355	0.774534	[]
1	1	0x60243e14	32	0.000345	0.707260	[]
1	1	0x60253fe8	4	0.000361	0.084452	[]
1	1	0x60253fec	184	0.000354	3.965326	[]
1	1	0x602540a8	516	0.000450	8.752419	[]
1	1	0x602542ac	4	0.000347	0.087873	[]
1	1	0x602544d4	76	0.000355	1.633602	[]
1	1	0x60254e34	12	0.000342	0.267329	[]
1	1	0x60254e40	156	0.000356	3.342917	[]
1	1	0x60255660	4	0.000352	0.086801	[]
1	1	0x60255664	36	0.000352	0.780829	[]
1	1	0x60255688	32	0.000345	0.706953	[]
1	1	0x6026585c	4	0.000349	0.087385	[]
1	1	0x60265860	184	0.000346	4.059926	[]
1	1	0x6026591c	516	0.000460	8.562807	[]
1	1	0x60265b20	4	0.000363	0.084177	[]
1	1	0x60265d48	76	0.000357	1.624271	[]
1	1	0x602666a8	12	0.000383	0.239277	[]
1	1	0x602666b4	156	0.000394	3.021450	[]
1	1	0x60266ed4	4	0.000390	0.078350	[]
1	1	0x60266ed8	36	0.000395	0.695052	[]
1	1	0x60266efc	32	0.000395	0.617418	[]
1	1	0x602770d0	4	0.000450	0.067782	[]
1	1	0x602770d4	184	0.000456	3.075749	[]
1	1	0x60277190	516	0.000552	7.136195	[]
1	1	0x60277394	4	0.000445	0.068608	[]
1	1	0x602775bc	76	0.000431	1.345441	[]
1	1	0x60277f1c	12	0.000423	0.216247	[]
1	1	0x60277f28	156	0.000411	2.893069	[]
1	1	0x60278748	4	0.000372	0.082120	[]
1	1	0x6027874c	36	0.000381	0.720375	[]
1	1	0x60278770	32	0.000374	0.653043	[]
1	1	0x60288944	4	0.000368	0.082993	[]
1	1	0x60288948	184	0.000353	3.978474	[]
1	1	0x60288a04	516	0.000459	8.575304	[]
1	1	0x60288c08	4	0.000354	0.086237	[]
1	1	0x60288e30	76	0.000347	1.669063	[]
1	1	0x60289790	12	0.000345	0.265430	[]
1	1	0x6028979c	156	0.000346	3.444601	[]
1	1	0x60289fbc	4	0.000345	0.088539	[]
1	1	0x60289fc0	36	0.000346	0.794127	[]
1	1	0x60289fe4	32	0.000346	0.705116	[]
1	1	0x6029a1b8	4	0.000352	0.086594	[]
1	1	0x6029a1bc	184	0.000344	4.084377	[]
1	1	0x6029a278	516	0.000497	7.914501	[]
1	1	0x6029a47c	4	0.000379	0.080597	[]
1	1	0x6029a6a4	76	0.000377	1.536505	[]
1	1	0x6029b004	12	0.000372	0.246227	[]
1	1	0x6029b010	156	0.000383	3.104770	[]
1	1	0x6029b830	4	0.000369	0.082600	[]
1	1	0x6029b834	36	0.000355	0.772680	[]
1	1	0x6029b858	32	0.000343	0.712254	[]
1	1	0x602aba2c	4	0.000346	0.088142	[]
1	1	0x602aba30	184	0.000344	4.086637	[]
1	1	0x602abaec	516	0.000455	8.647827	[]
1	1	0x602abcf0	4	0.000362	0.084417	[]
1	1	0x602abf18	76	0.000350	1.656990	[]
1	1	0x602ac878	12	0.000356	0.257192	[]
1	1	0x602ac884	156	0.000354	3.362657	[]
1	1	0x602ad0a4	4	0.000358	0.085313	[]
1	1	0x602ad0a8	36	0.000351	0.781609	[]
1	1	0x602ad0cc	32	0.000349	0.700244	[]
1	1	0x602bd2a0	4	0.000349	0.087385	[]
1	1	0x602bd2a4	184	0.000350	4.014656	[]
1	1	0x602bd360	516	0.000452	8.713094	[]
1	1	0x602bd564	4	0.000342	0.089136	[]
1	1	0x602bd78c	76	0.000348	1.664219	[]
1	1	0x602be0ec	12	0.000344	0.266528	[]
1	1	0x602be0f8	156	0.000351	3.387059	[]
1	1	0x602be918	4	0.000347	0.087934	[]
1	1	0x602be91c	36	0.000364	0.753891	[]
1	1	0x602be940	32	0.000352	0.693026	[]
1	1	0x602ceb14	4	0.000347	0.088040	[]
1	1	0x602ceb18	184	0.000353	3.978136	[]
1	1	0x602cebd4	516	0.000456	8.636254	[]
1	1	0x602cedd8	4	0.000346	0.088315	[]
1	1	0x602cf000	76	0.000450	1.287770	[]
1	1	0x602cf960	12	0.000444	0.206283	[]
1	1	0x602cf96c	156	0.000387	3.077952	[]
1	1	0x602d018c	4	0.000381	0.080058	[]
1	1	0x602d0190	36	0.000379	0.724155	[]
1	1	0x602d01b4	32	0.000374	0.653567	[]
1	1	0x602e0388	4	0.000395	0.077336	[]
1	1	0x602e038c	184	0.000385	3.648701	[]
1	1	0x602e0448	516	0.000504	7.810690	[]
1	1	0x602e064c	4	0.000422	0.072366	[]
1	1	0x602e0874	76	0.000394	1.469862	[]
1	1	0x602e11d4	12	0.000338	0.270545	[]
1	1	0x602e11e0	156	0.000339	3.514064	[]
1	1	0x602e1a00	4	0.000348	0.087717	[]
1	1	0x602e1a04	36	0.000338	0.813005	[]
1	1	0x602e1a28	32	0.000337	0.724728	[]
1	1	0x602f1bfc	4	0.000357	0.085507	[]
1	1	0x602f1c00	184	0.000342	4.099166	[]
1	1	0x602f1cbc	516	0.000446	8.824815	[]
1	1	0x602f1ec0	4	0.000347	0.087987	[]
1	1	0x602f20e8	76	0.000351	1.650153	[]
1	1	0x602f2a48	12	0.000336	0.272120	[]
1	1	0x602f2a54	156	0.000339	3.509619	[]
1	1	0x602f3274	4	0.000339	0.090123	[]
1	1	0x602f3278	36	0.000336	0.816485	[]
1	1	0x602f329c	32	0.000336	0.725892	[]
1	1	0x60303470	4	0.000336	0.090831	[]
1	1	0x60303474	184	0.000334	4.202491	[]
1	1	0x60303530	516	0.000444	8.862761	[]
1	1	0x60303734	4	0.000335	0.091162	[]
1	1	0x6030395c	76	0.000335	1.728315	[]
1	1	0x603042bc	12	0.000340	0.269248	[]
1	1	0x603042c8	156	0.000346	3.442619	[]
1	1	0x60304ae8	4	0.000338	0.090171	[]
1	1	0x60304aec	36	0.000336	0.818334	[]
1	1	0x60304b10	32	0.000346	0.705095	[]
1	1	0x60314ce4	4	0.000335	0.091217	[]
1	1	0x60314ce8	184	0.000343	4.093071	[]
1	1	0x60314da4	516	0.000447	8.802320	[]
1	1	0x60314fa8	4	0.000337	0.090570	[]
1	1	0x603151d0	76	0.000337	1.720469	[]
1	1	0x60315b30	12	0.000336	0.272226	[]
1	1	0x60315b3c	156	0.000345	3.447695	[]
1	1	0x6031635c	4	0.000383	0.079699	[]
1	1	0x60316360	36	0.000381	0.721281	[]
1	1	0x60316384	32	0.000379	0.645003	[]
1	1	0x60326558	4	0.000381	0.080138	[]
1	1	0x6032655c	184	0.000380	3.692562	[]
1	1	0x60326618	516	0.000487	8.091488	[]
1	1	0x6032681c	4	0.000381	0.080044	[]
1	1	0x60326a44	76	0.000381	1.523790	[]
1	1	0x603273a4	12	0.000377	0.242909	[]
1	1	0x603273b0	156	0.000383	3.107193	[]
1	1	0x60327bd0	4	0.000385	0.079176	[]
1	1	0x60327bd4	36	0.000442	0.621832	[]
1	1	0x60327bf8	32	0.000426	0.572721	[]
1	1	0x60337dcc	4	0.000409	0.074575	[]
1	1	0x60337dd0	184	0.000339	4.141627	[]
1	1	0x60337e8c	516	0.000445	8.851402	[]
1	1	0x60338090	4	0.000341	0.089573	[]
1	1	0x603382b8	76	0.000337	1.722150	[]
1	1	0x60338c18	12	0.000343	0.266924	[]
1	1	0x60338c24	156	0.000344	3.464868	[]
1	1	0x60339444	4	0.000346	0.088303	[]
1	1	0x60339448	36	0.000342	0.802083	[]
1	1	0x6033946c	32	0.000338	0.722949	[]
1	1	0x60349640	4	0.000353	0.086498	[]
1	1	0x60349644	184	0.000341	4.116608	[]
1	1	0x60349700	516	0.000453	8.692124	[]
1	1	0x60349904	4	0.000340	0.089715	[]
1	1	0x60349b2c	76	0.000339	1.709608	[]
0	1	0x602435c0	12	0.000339	0.270106	[]
0	1	0x602435cc	156	0.000339	3.506724	[]
0	1	0x60243dec	4	0.000361	0.084421	[]
0	1	0x60243df0	36	0.000371	0.740175	[]
0	1	0x60243e14	32	0.000372	0.656520	[]
0	1	0x60253fe8	4	0.000375	0.081274	[]
0	1	0x60253fec	184	0.000375	3.741674	[]
0	1	0x602540a8	516	0.000485	8.124216	[]
0	1	0x602542ac	4	0.000371	0.082330	[]
0	1	0x602544d4	76	0.000369	1.573237	[]
0	1	0x60254e34	12	0.000374	0.244518	[]
0	1	0x60254e40	156	0.000374	3.183319	[]
0	1	0x60255660	4	0.000370	0.082435	[]
0	1	0x60255664	36	0.000373	0.736327	[]
0	1	0x60255688	32	0.000379	0.644305	[]
0	1	0x6026585c	4	0.000368	0.082903	[]
0	1	0x60265860	184	0.000362	3.872874	[]
0	1	0x6026591c	516	0.000444	8.874949	[]
0	1	0x60265b20	4	0.000348	0.087709	[]
0	1	0x60265d48	76	0.000336	1.725691	[]
0	1	0x602666a8	12	0.000335	0.273299	[]
0	1	0x602666b4	156	0.000339	3.512924	[]
0	1	0x60266ed4	4	0.000337	0.090540	[]
0	1	0x60266ed8	36	0.000334	0.821415	[]
0	1	0x60266efc	32	0.000336	0.725762	[]
0	1	0x602770d0	4	0.000336	0.090937	[]
0	1	0x602770d4	184	0.000336	4.180964	[]
0	1	0x60277190	516	0.000486	8.095148	[]
0	1	0x60277394	4	0.000358	0.085299	[]
0	1	0x602775bc	76	0.000339	1.712086	[]
0	1	0x60277f1c	12	0.000341	0.268514	[]
0	1	0x60277f28	156	0.000390	3.055581	[]
0	1	0x60278748	4	0.000382	0.079935	[]
0	1	0x6027874c	36	0.000390	0.704033	[]
0	1	0x60278770	32	0.000376	0.648875	[]
0	1	0x60288944	4	0.000389	0.078477	[]
0	1	0x60288948	184	0.000369	3.804957	[]
0	1	0x60288a04	516	0.000474	8.299079	[]
0	1	0x60288c08	4	0.000369	0.082757	[]
0	1	0x60288e30	76	0.000370	1.568764	[]
0	1	0x60289790	12	0.000363	0.252349	[]
0	1	0x6028979c	156	0.000382	3.116305	[]
0	1	0x60289fbc	4	0.000376	0.081170	[]
0	1	0x60289fc0	36	0.000372	0.738920	[]
0	1	0x60289fe4	32	0.000369	0.661536	[]
0	1	0x6029a1b8	4	0.000378	0.080683	[]
0	1	0x6029a1bc	184	0.000376	3.730835	[]
0	1	0x6029a278	516	0.000476	8.275005	[]
0	1	0x6029a47c	4	0.000342	0.089141	[]
0	1	0x6029a6a4	76	0.000341	1.700438	[]
0	1	0x6029b004	12	0.000347	0.263977	[]
0	1	0x6029b010	156	0.000347	3.428625	[]
0	1	0x6029b830	4	0.000357	0.085464	[]
0	1	0x6029b834	36	0.000346	0.793370	[]
0	1	0x6029b858	32	0.000354	0.690207	[]
0	1	0x602aba2c	4	0.000355	0.085911	[]
0	1	0x602aba30	184	0.000348	4.035081	[]
0	1	0x602abaec	516	0.000466	8.440355	[]
0	1	0x602abcf0	4	0.000349	0.087360	[]
0	1	0x602abf18	76	0.000349	1.662311	[]
0	1	0x602ac878	12	0.000348	0.263203	[]
0	1	0x602ac884	156	0.000346	3.443107	[]
0	1	0x602ad0a4	4	0.000345	0.088377	[]
0	1	0x602ad0a8	36	0.000341	0.805161	[]
0	1	0x602ad0cc	32	0.000343	0.712088	[]
0	1	0x602bd2a0	4	0.000339	0.090043	[]
0	1	0x602bd2a4	184	0.000342	4.110689	[]
0	1	0x602bd360	516	0.000442	8.910302	[]
0	1	0x602bd564	4	0.000339	0.089988	[]
0	1	0x602bd78c	76	0.000343	1.689089	[]
0	1	0x602be0ec	12	0.000338	0.270832	[]
0	1	0x602be0f8	156	0.000339	3.509205	[]
0	1	0x602be918	4	0.000340	0.089702	[]
0	1	0x602be91c	36	0.000342	0.802247	[]
0	1	0x602be940	32	0.000341	0.716226	[]
0	1	0x602ceb14	4	0.000336	0.090863	[]
0	1	0x602ceb18	184	0.000337	4.167570	[]
0	1	0x602cebd4	516	0.000441	8.935177	[]
0	1	0x602cedd8	4	0.000339	0.090112	[]
0	1	0x602cf000	76	0.000340	1.707192	[]
0	1	0x602cf960	12	0.000366	0.249877	[]
0	1	0x602cf96c	156	0.000379	3.142305	[]
0	1	0x602d018c	4	0.000375	0.081395	[]
0	1	0x602d0190	36	0.000376	0.731190	[]
0	1	0x602d01b4	32	0.000378	0.646352	[]
0	1	0x602e0388	4	0.000388	0.078730	[]
0	1	0x602e038c	184	0.000379	3.705828	[]
0	1	0x602e0448	516	0.000499	7.881527	[]
0	1	0x602e064c	4	0.000379	0.080466	[]
0	1	0x602e0874	76	0.000383	1.515229	[]
0	1	0x602e11d4	12	0.000375	0.244127	[]
0	1	0x602e11e0	156	0.000388	3.067876	[]
0	1	0x602e1a00	4	0.000373	0.081720	[]
0	1	0x602e1a04	36	0.000336	0.818114	[]
0	1	0x602e1a28	32	0.000335	0.729057	[]
0	1	0x602f1bfc	4	0.000335	0.091086	[]
0	1	0x602f1c00	184	0.000341	4.116366	[]
0	1	0x602f1cbc	516	0.000453	8.683880	[]
0	1	0x602f1ec0	4	0.000336	0.090893	[]
0	1	0x602f20e8	76	0.000337	1.718785	[]
0	1	0x602f2a48	12	0.000336	0.272413	[]
0	1	0x602f2a54	156	0.000338	3.519780	[]
0	1	0x602f3274	4	0.000338	0.090280	[]
0	1	0x602f3278	36	0.000339	0.809387	[]
0	1	0x602f329c	32	0.000336	0.726021	[]
0	1	0x60303470	4	0.000344	0.088776	[]
0	1	0x60303474	184	0.000340	4.132227	[]
0	1	0x60303530	516	0.000448	8.782488	[]
0	1	0x60303734	4	0.000342	0.089149	[]
0	1	0x6030395c	76	0.000319	1.818454	[]
0	1	0x603042bc	12	0.000377	0.242690	[]
0	1	0x603042c8	156	0.000389	3.059351	[]
0	1	0x60304ae8	4	0.000460	0.066306	[]
0	1	0x60304aec	36	0.000439	0.626156	[]
0	1	0x60304b10	32	0.000435	0.561602	[]
0	1	0x60314ce4	4	0.000428	0.071327	[]
0	1	0x60314ce8	184	0.000388	3.615538	[]
0	1	0x60314da4	516	0.000491	8.011134	[]
0	1	0x60314fa8	4	0.000385	0.079307	[]
0	1	0x603151d0	76	0.000380	1.525229	[]
0	1	0x60315b30	12	0.000380	0.240978	[]
0	1	0x60315b3c	156	0.000353	3.375541	[]
0	1	0x6031635c	4	0.000374	0.081685	[]
0	1	0x60316360	36	0.000401	0.685049	[]
0	1	0x60316384	32	0.000386	0.632535	[]
0	1	0x60326558	4	0.000392	0.077868	[]
0	1	0x6032655c	184	0.000372	3.774572	[]
0	1	0x60326618	516	0.000475	8.281272	[]
0	1	0x6032681c	4	0.000370	0.082529	[]
0	1	0x60326a44	76	0.000371	1.562802	[]
0	1	0x603273a4	12	0.000370	0.247345	[]
0	1	0x603273b0	156	0.000363	3.276834	[]
0	1	0x60327bd0	4	0.000376	0.081185	[]
0	1	0x60327bd4	36	0.000362	0.758890	[]
0	1	0x60327bf8	32	0.000366	0.667759	[]
0	1	0x60337dcc	4	0.000363	0.084012	[]
0	1	0x60337dd0	184	0.000369	3.799818	[]
0	1	0x60337e8c	516	0.000474	8.297330	[]
0	1	0x60338090	4	0.000362	0.084321	[]
0	1	0x603382b8	76	0.000359	1.617294	[]
0	1	0x60338c18	12	0.000357	0.256320	[]
0	1	0x60338c24	156	0.000353	3.370370	[]
0	1	0x60339444	4	0.000360	0.084825	[]
0	1	0x60339448	36	0.000346	0.793530	[]
0	1	0x6033946c	32	0.000341	0.716623	[]
0	1	0x60349640	4	0.000339	0.090001	[]
0	1	0x60349644	184	0.000346	4.056875	[]
0	1	0x60349700	516	0.000447	8.799370	[]
0	1	0x60349904	4	0.000342	0.089232	[]
0	1	0x60349b2c	76	0.000343	1.691060	[]
0	1	0x6034a48c	12	0.000348	0.262847	[]
0	1	0x6034a498	156	0.000350	3.399054	[]
0	1	0x6034acb8	4	0.000341	0.089510	[]
0	1	0x6034acbc	36	0.000351	0.783122	[]
0	1	0x6034ace0	32	0.000373	0.654424	[]
0	1	0x6035aeb4	4	0.000358	0.085306	[]
0	1	0x6035aeb8	184	0.000346	4.052074	[]
0	1	0x6035af74	516	0.000434	9.068971	[]
0	1	0x6035b178	4	0.000358	0.085290	[]
0	1	0x6035b3a0	76	0.000350	1.655760	[]
2	0	0x602435c0	12	0.000344	0.266482	[]
2	0	0x602435cc	156	0.000349	3.411623	[]
2	0	0x60243dec	4	0.000342	0.089196	[]
2	0	0x60243df0	36	0.000340	0.807341	[]
2	0	0x60243e14	32	0.000341	0.715344	[]
2	0	0x60253fe8	4	0.000343	0.088874	[]
2	0	0x60253fec	184	0.000340	4.128958	[]
2	0	0x602540a8	516	0.000444	8.865755	[]
2	0	0x602542ac	4	0.000366	0.083349	[]
2	0	0x602544d4	76	0.000381	1.521147	[]
2	0	0x60254e34	12	0.000385	0.237946	[]
2	0	0x60254e40	156	0.000374	3.184179	[]
2	0	0x60255660	4	0.000367	0.083075	[]
2	0	0x60255664	36	0.000394	0.696992	[]
2	0	0x60255688	32	0.000369	0.661803	[]
2	0	0x6026585c	4	0.000365	0.083632	[]
2	0	0x60265860	184	0.000370	3.793657	[]
2	0	0x6026591c	516	0.000473	8.327342	[]
2	0	0x60265b20	4	0.000365	0.083667	[]
2	0	0x60265d48	76	0.000390	1.488429	[]
2	0	0x602666a8	12	0.000363	0.251884	[]
2	0	0x602666b4	156	0.000340	3.502493	[]
2	0	0x60266ed4	4	0.000337	0.090513	[]
2	0	0x60266ed8	36	0.000337	0.814645	[]
2	0	0x60266efc	32	0.000338	0.723078	[]
2	0	0x602770d0	4	0.000337	0.090535	[]
2	0	0x602770d4	184	0.000334	4.204001	[]
2	0	0x60277190	516	0.000440	8.945735	[]
2	0	0x60277394	4	0.000336	0.090875	[]
2	0	0x602775bc	76	0.000335	1.728310	[]
2	0	0x60277f1c	12	0.000334	0.273813	[]
2	0	0x60277f28	156	0.000338	3.517918	[]
2	0	0x60278748	4	0.000334	0.091290	[]
2	0	0x6027874c	36	0.000340	0.807151	[]
2	0	0x60278770	32	0.000335	0.728450	[]
2	0	0x60288944	4	0.000336	0.090953	[]
2	0	0x60288948	184	0.000336	4.172897	[]
2	0	0x60288a04	516	0.000439	8.971013	[]
2	0	0x60288c08	4	0.000336	0.090769	[]
2	0	0x60288e30	76	0.000339	1.708706	[]
2	0	0x60289790	12	0.000409	0.223883	[]
2	0	0x6028979c	156	0.000417	2.853259	[]
2	0	0x60289fbc	4	0.000409	0.074615	[]
2	0	0x60289fc0	36	0.000406	0.675847	[]
2	0	0x60289fe4	32	0.000403	0.605234	[]
2	0	0x6029a1b8	4	0.000400	0.076351	[]
2	0	0x6029a1bc	184	0.000404	3.471062	[]
2	0	0x6029a278	516	0.000486	8.098812	[]
2	0	0x6029a47c	4	0.000369	0.082603	[]
2	0	0x6029a6a4	76	0.000367	1.580571	[]
2	0	0x6029b004	12	0.000369	0.248386	[]
2	0	0x6029b010	156	0.000370	3.219668	[]
2	0	0x6029b830	4	0.000372	0.082122	[]
2	0	0x6029b834	36	0.000342	0.802972	[]
2	0	0x6029b858	32	0.000337	0.723764	[]
2	0	0x602aba2c	4	0.000338	0.090296	[]
2	0	0x602aba30	184	0.000343	4.095590	[]
2	0	0x602abaec	516	0.000446	8.832932	[]
2	0	0x602abcf0	4	0.000338	0.090326	[]
2	0	0x602abf18	76	0.000342	1.695907	[]
2	0	0x602ac878	12	0.000339	0.270385	[]
2	0	0x602ac884	156	0.000346	3.440927	[]
2	0	0x602ad0a4	4	0.000338	0.090179	[]
2	0	0x602ad0a8	36	0.000341	0.806390	[]
2	0	0x602ad0cc	32	0.000340	0.717257	[]
2	0	0x602bd2a0	4	0.000339	0.090112	[]
2	0	0x602bd2a4	184	0.000339	4.136745	[]
2	0	0x602bd360	516	0.000446	8.826992	[]
2	0	0x602bd564	4	0.000340	0.089665	[]
2	0	0x602bd78c	76	0.000344	1.686437	[]
2	0	0x602be0ec	12	0.000335	0.273112	[]
2	0	0x602be0f8	156	0.000338	3.519364	[]
2	0	0x602be918	4	0.000338	0.090259	[]
2	0	0x602be91c	36	0.000341	0.805164	[]
2	0	0x602be940	32	0.000336	0.727514	[]
2	0	0x602ceb14	4	0.000337	0.090452	[]
2	0	0x602ceb18	184	0.000336	4.179345	[]
2	0	0x602cebd4	516	0.000443	8.885966	[]
2	0	0x602cedd8	4	0.000339	0.090022	[]
2	0	0x602cf000	76	0.000337	1.719652	[]
2	0	0x602cf960	12	0.000334	0.274347	[]
2	0	0x602cf96c	156	0.000339	3.509205	[]
2	0	0x602d018c	4	0.000340	0.089631	[]
2	0	0x602d0190	36	0.000355	0.773443	[]
2	0	0x602d01b4	32	0.000340	0.718902	[]
2	0	0x602e0388	4	0.000354	0.086186	[]
2	0	0x602e038c	184	0.000364	3.854690	[]
2	0	0x602e0448	516	0.000471	8.350127	[]
2	0	0x602e064c	4	0.000363	0.084038	[]
2	0	0x602e0874	76	0.000372	1.557350	[]
2	0	0x602e11d4	12	0.000359	0.255213	[]
2	0	0x602e11e0	156	0.000366	3.256126	[]
2	0	0x602e1a00	4	0.000364	0.083846	[]
2	0	0x602e1a04	36	0.000368	0.745499	[]
2	0	0x602e1a28	32	0.000370	0.659873	[]
2	0	0x602f1bfc	4	0.000369	0.082784	[]
2	0	0x602f1c00	184	0.000364	3.859565	[]
2	0	0x602f1cbc	516	0.000473	8.327870	[]
2	0	0x602f1ec0	4	0.000380	0.080216	[]
2	0	0x602f20e8	76	0.000363	1.595352	[]
2	0	0x602f2a48	12	0.000330	0.277331	[]
2	0	0x602f2a54	156	0.000337	3.536304	[]
2	0	0x602f3274	4	0.000340	0.089673	[]
2	0	0x602f3278	36	0.000341	0.806248	[]
2	0	0x602f329c	32	0.000345	0.708391	[]
2	0	0x60303470	4	0.000346	0.088303	[]
2	0	0x60303474	184	0.000344	4.078456	[]
2	0	0x60303530	516	0.000460	8.552389	[]
2	0	0x60303734	4	0.000386	0.079018	[]
2	0	0x6030395c	76	0.000386	1.501375	[]
2	0	0x603042bc	12	0.000344	0.265955	[]
2	0	0x603042c8	156	0.000340	3.496217	[]
2	0	0x60304ae8	4	0.000342	0.089193	[]
2	0	0x60304aec	36	0.000345	0.796940	[]
2	0	0x60304b10	32	0.000338	0.722414	[]
2	0	0x60314ce4	4	0.000346	0.088315	[]
2	0	0x60314ce8	184	0.000343	4.089029	[]
2	0	0x60314da4	516	0.000447	8.815132	[]
2	0	0x60314fa8	4	0.000350	0.087091	[]
2	0	0x603151d0	76	0.000376	1.540178	[]
2	0	0x60315b30	12	0.000372	0.246062	[]
2	0	0x60315b3c	156	0.000376	3.167223	[]
2	0	0x6031635c	4	0.000377	0.080974	[]
2	0	0x60316360	36	0.000371	0.739856	[]
2	0	0x60316384	32	0.000385	0.634079	[]
2	0	0x60326558	4	0.000369	0.082710	[]
2	0	0x6032655c	184	0.000393	3.573014	[]
2	0	0x60326618	516	0.000479	8.220575	[]
2	0	0x6032681c	4	0.000373	0.081851	[]
2	0	0x60326a44	76	0.000374	1.548905	[]
2	0	0x603273a4	12	0.000364	0.251614	[]
2	0	0x603273b0	156	0.000362	3.292161	[]
2	0	0x60327bd0	4	0.000344	0.088657	[]
2	0	0x60327bd4	36	0.000352	0.781251	[]
2	0	0x60327bf8	32	0.000340	0.718968	[]
2	0	0x60337dcc	4	0.000338	0.090296	[]
2	0	0x60337dd0	184	0.000341	4.117574	[]
2	0	0x60337e8c	516	0.000446	8.836502	[]
2	0	0x60338090	4	0.000338	0.090331	[]
2	0	0x603382b8	76	0.000341	1.701281	[]
2	0	0x60338c18	12	0.000379	0.241767	[]
2	0	0x60338c24	156	0.000369	3.226292	[]
2	0	0x60339444	4	0.000367	0.083059	[]
2	0	0x60339448	36	0.000371	0.740037	[]
2	0	0x6033946c	32	0.000370	0.659604	[]
2	0	0x60349640	4	0.000382	0.079977	[]
2	0	0x60349644	184	0.000379	3.700446	[]
2	0	0x60349700	516	0.000474	8.304856	[]
2	0	0x60349904	4	0.000394	0.077371	[]
2	0	0x60349b2c	76	0.000398	1.458185	[]
2	0	0x6034a48c	12	0.000402	0.227923	[]
2	0	0x6034a498	156	0.000404	2.946062	[]
2	0	0x6034acb8	4	0.000411	0.074270	[]
2	0	0x6034acbc	36	0.000377	0.728301	[]
2	0	0x6034ace0	32	0.000336	0.727601	[]
2	0	0x6035aeb4	4	0.000337	0.090511	[]
2	0	0x6035aeb8	184	0.000337	4.168424	[]
2	0	0x6035af74	516	0.000440	8.949396	[]
2	0	0x6035b178	4	0.000336	0.090837	[]
2	0	0x6035b3a0	76	0.000336	1.724454	[]
2	1	0x602435c0	12	0.000333	0.274783	[]
2	1	0x602435cc	156	0.000344	3.463456	[]
2	1	0x60243dec	4	0.000341	0.089384	[]
2	1	0x60243df0	36	0.000339	0.810893	[]
2	1	0x60243e14	32	0.000333	0.733812	[]
2	1	0x60253fe8	4	0.000332	0.092028	[]
2	1	0x60253fec	184	0.000334	4.203007	[]
2	1	0x602540a8	516	0.000451	8.728743	[]
2	1	0x602542ac	4	0.000336	0.090826	[]
2	1	0x602544d4	76	0.000337	1.720979	[]
2	1	0x60254e34	12	0.000334	0.273970	[]
2	1	0x60254e40	156	0.000335	3.549063	[]
2	1	0x60255660	4	0.000335	0.091062	[]
2	1	0x60255664	36	0.000333	0.825662	[]
2	1	0x60255688	32	0.000336	0.725851	[]
2	1	0x6026585c	4	0.000335	0.091151	[]
2	1	0x60265860	184	0.000334	4.205777	[]
2	1	0x6026591c	516	0.000440	8.945532	[]
2	1	0x60265b20	4	0.000345	0.088502	[]
2	1	0x60265d48	76	0.000348	1.664506	[]
2	1	0x602666a8	12	0.000431	0.212611	[]
2	1	0x602666b4	156	0.000438	2.719977	[]
2	1	0x60266ed4	4	0.000432	0.070574	[]
2	1	0x60266ed8	36	0.000435	0.631381	[]
2	1	0x60266efc	32	0.000434	0.562872	[]
2	1	0x602770d0	4	0.000412	0.074052	[]
2	1	0x602770d4	184	0.000379	3.706699	[]
2	1	0x60277190	516	0.000491	8.014071	[]
2	1	0x60277394	4	0.000374	0.081515	[]
2	1	0x602775bc	76	0.000362	1.600244	[]
2	1	0x60277f1c	12	0.000359	0.254921	[]
2	1	0x60277f28	156	0.000370	3.214363	[]
2	1	0x60278748	4	0.000365	0.083639	[]
2	1	0x6027874c	36	0.000363	0.755610	[]
2	1	0x60278770	32	0.000362	0.673620	[]
2	1	0x60288944	4	0.000357	0.085593	[]
2	1	0x60288948	184	0.000357	3.932656	[]
2	1	0x60288a04	516	0.000468	8.412220	[]
2	1	0x60288c08	4	0.000360	0.084863	[]
2	1	0x60288e30	76	0.000355	1.631263	[]
2	1	0x60289790	12	0.000364	0.251180	[]
2	1	0x6028979c	156	0.000366	3.251855	[]
2	1	0x60289fbc	4	0.000364	0.083894	[]
2	1	0x60289fc0	36	0.000360	0.762980	[]
2	1	0x60289fe4	32	0.000365	0.668730	[]
2	1	0x6029a1b8	4	0.000365	0.083568	[]
2	1	0x6029a1bc	184	0.000372	3.778443	[]
2	1	0x6029a278	516	0.000471	8.360252	[]
2	1	0x6029a47c	4	0.000356	0.085793	[]
2	1	0x6029a6a4	76	0.000356	1.630254	[]
2	1	0x6029b004	12	0.000353	0.259297	[]
2	1	0x6029b010	156	0.000355	3.353193	[]
2	1	0x6029b830	4	0.000483	0.063249	[]
2	1	0x6029b834	36	0.000356	0.771096	[]
2	1	0x6029b858	32	0.000355	0.687329	[]
2	1	0x602aba2c	4	0.000354	0.086115	[]
2	1	0x602aba30	184	0.000361	3.894038	[]
2	1	0x602abaec	516	0.000477	8.253492	[]
2	1	0x602abcf0	4	0.000362	0.084388	[]
2	1	0x602abf18	76	0.000358	1.619232	[]
2	1	0x602ac878	12	0.000355	0.257785	[]
2	1	0x602ac884	156	0.000358	3.324160	[]
2	1	0x602ad0a4	4	0.000360	0.084674	[]
2	1	0x602ad0a8	36	0.000363	0.756276	[]
2	1	0x602ad0cc	32	0.000358	0.682336	[]
2	1	0x602bd2a0	4	0.000354	0.086191	[]
2	1	0x602bd2a4	184	0.000354	3.971035	[]
2	1	0x602bd360	516	0.000475	8.287897	[]
2	1	0x602bd564	4	0.000363	0.084128	[]
2	1	0x602bd78c	76	0.000353	1.643050	[]
2	1	0x602be0ec	12	0.000365	0.251042	[]
2	1	0x602be0f8	156	0.000361	3.296173	[]
2	1	0x602be918	4	0.000356	0.085810	[]
2	1	0x602be91c	36	0.000367	0.747609	[]
2	1	0x602be940	32	0.000327	0.747497	[]
2	1	0x602ceb14	4	0.000363	0.083973	[]
2	1	0x602ceb18	184	0.000359	3.908577	[]
2	1	0x602cebd4	516	0.000467	8.433665	[]
2	1	0x602cedd8	4	0.000386	0.079051	[]
2	1	0x602cf000	76	0.000357	1.623271	[]
2	1	0x602cf960	12	0.000353	0.259252	[]
2	1	0x602cf96c	156	0.000371	3.205611	[]
2	1	0x602d018c	4	0.000360	0.084740	[]
2	1	0x602d0190	36	0.000369	0.745117	[]
2	1	0x602d01b4	32	0.000369	0.662216	[]
2	1	0x602e0388	4	0.000444	0.068797	[]
2	1	0x602e038c	184	0.000363	3.868286	[]
2	1	0x602e0448	516	0.000467	8.435834	[]
2	1	0x602e064c	4	0.000357	0.085426	[]
2	1	0x602e0874	76	0.000361	1.607921	[]
2	1	0x602e11d4	12	0.000350	0.261720	[]
2	1	0x602e11e0	156	0.000367	3.245214	[]
2	1	0x602e1a00	4	0.000356	0.085689	[]
2	1	0x602e1a04	36	0.000353	0.777516	[]
2	1	0x602e1a28	32	0.000354	0.689756	[]
2	1	0x602f1bfc	4	0.000354	0.086174	[]
2	1	0x602f1c00	184	0.000334	4.206017	[]
2	1	0x602f1cbc	516	0.000462	8.523318	[]
2	1	0x602f1ec0	4	0.000353	0.086559	[]
2	1	0x602f20e8	76	0.000356	1.629658	[]
2	1	0x602f2a48	12	0.000349	0.262539	[]
2	1	0x602f2a54	156	0.000362	3.289150	[]
2	1	0x602f3274	4	0.000355	0.085972	[]
2	1	0x602f3278	36	0.000358	0.767736	[]
2	1	0x602f329c	32	0.000354	0.689114	[]
2	1	0x60303470	4	0.000356	0.085735	[]
2	1	0x60303474	184	0.000359	3.905750	[]
2	1	0x60303530	516	0.000463	8.509501	[]
2	1	0x60303734	4	0.000354	0.086293	[]
2	1	0x6030395c	76	0.000354	1.639885	[]
2	1	0x603042bc	12	0.000350	0.261953	[]
2	1	0x603042c8	156	0.000358	3.320256	[]
2	1	0x60304ae8	4	0.000352	0.086707	[]
2	1	0x60304aec	36	0.000354	0.775341	[]
2	1	0x60304b10	32	0.000350	0.698161	[]
2	1	0x60314ce4	4	0.000354	0.086202	[]
2	1	0x60314ce8	184	0.000353	3.981972	[]
2	1	0x60314da4	516	0.000479	8.221777	[]
2	1	0x60314fa8	4	0.000355	0.085984	[]
2	1	0x603151d0	76	0.000355	1.634343	[]
2	1	0x60315b30	12	0.000356	0.257083	[]
2	1	0x60315b3c	156	0.000370	3.214268	[]
2	1	0x6031635c	4	0.000362	0.084284	[]
2	1	0x60316360	36	0.000350	0.783638	[]
2	1	0x60316384	32	0.000354	0.688958	[]
2	1	0x60326558	4	0.000353	0.086550	[]
2	1	0x6032655c	184	0.000358	3.919272	[]
2	1	0x60326618	516	0.000462	8.519445	[]
2	1	0x6032681c	4	0.000351	0.086831	[]
2	1	0x60326a44	76	0.000355	1.633050	[]
2	1	0x603273a4	12	0.000356	0.257083	[]
2	1	0x603273b0	156	0.000438	2.716072	[]
2	1	0x60327bd0	4	0.000358	0.085223	[]
2	1	0x60327bd4	36	0.000363	0.755756	[]
2	1	0x60327bf8	32	0.000361	0.675820	[]
2	1	0x60337dcc	4	0.000343	0.089019	[]
2	1	0x60337dd0	184	0.000338	4.155850	[]
2	1	0x60337e8c	516	0.000447	8.797796	[]
2	1	0x60338090	4	0.000339	0.089908	[]
2	1	0x603382b8	76	0.000337	1.721587	[]
2	1	0x60338c18	12	0.000333	0.274973	[]
2	1	0x60338c24	156	0.000339	3.513349	[]
2	1	0x60339444	4	0.000336	0.090718	[]
2	1	0x60339448	36	0.000337	0.816022	[]
2	1	0x6033946c	32	0.000338	0.722158	[]
2	1	0x60349640	4	0.000335	0.091184	[]
2	1	0x60349644	184	0.000413	3.400847	[]
2	1	0x60349700	516	0.000441	8.923835	[]
2	1	0x60349904	4	0.000337	0.090543	[]
2	1	0x60349b2c	76	0.000339	1.710818	[]
2	1	0x6034a48c	12	0.000333	0.275180	[]
2	1	0x6034a498	156	0.000335	3.550122	[]
2	1	0x6034acb8	4	0.000334	0.091460	[]
2	1	0x6034acbc	36	0.000338	0.811945	[]
2	1	0x6034ace0	32	0.000332	0.735228	[]
2	1	0x6035aeb4	4	0.000335	0.091078	[]
2	1	0x6035aeb8	184	0.000335	4.189836	[]
2	1	0x6035af74	516	0.000438	8.984341	[]
2	1	0x6035b178	4	0.000346	0.088183	[]
2	1	0x6035b3a0	76	0.000352	1.647860	[]
2	2	0x602435c0	12	0.000406	0.225398	[]
2	2	0x602435cc	156	0.000409	2.909484	[]
2	2	0x60243dec	4	0.000404	0.075484	[]
2	2	0x60243df0	36	0.000380	0.722574	[]
2	2	0x60243e14	32	0.000408	0.598821	[]
2	2	0x60253fe8	4	0.000400	0.076217	[]
2	2	0x60253fec	184	0.000472	2.975167	[]
2	2	0x602540a8	516	0.000514	7.663971	[]
2	2	0x602542ac	4	0.000391	0.077978	[]
2	2	0x602544d4	76	0.000375	1.547412	[]
2	2	0x60254e34	12	0.000366	0.249823	[]
2	2	0x60254e40	156	0.000370	3.212446	[]
2	2	0x60255660	4	0.000368	0.082928	[]
2	2	0x60255664	36	0.000367	0.748855	[]
2	2	0x60255688	32	0.000370	0.659301	[]
2	2	0x6026585c	4	0.000367	0.083050	[]
2	2	0x60265860	184	0.000367	3.827991	[]
2	2	0x6026591c	516	0.000477	8.255569	[]
2	2	0x60265b20	4	0.000367	0.083111	[]
2	2	0x60265d48	76	0.000369	1.569448	[]
2	2	0x602666a8	12	0.000332	0.275436	[]
2	2	0x602666b4	156	0.000348	3.423704	[]
2	2	0x60266ed4	4	0.000338	0.090232	[]
2	2	0x60266ed8	36	0.000338	0.811923	[]
2	2	0x60266efc	32	0.000339	0.721219	[]
2	2	0x602770d0	4	0.000336	0.090753	[]
2	2	0x602770d4	184	0.000340	4.132483	[]
2	2	0x60277190	516	0.000441	8.918983	[]
2	2	0x60277394	4	0.000335	0.091056	[]
2	2	0x602775bc	76	0.000336	1.725743	[]
2	2	0x60277f1c	12	0.000332	0.276126	[]
2	2	0x60277f28	156	0.000323	3.681013	[]
2	2	0x60278748	4	0.000336	0.090831	[]
2	2	0x6027874c	36	0.000337	0.813920	[]
2	2	0x60278770	32	0.000335	0.728537	[]
2	2	0x60288944	4	0.000335	0.091124	[]
2	2	0x60288948	184	0.000370	3.797968	[]
2	2	0x60288a04	516	0.000483	8.157210	[]
2	2	0x60288c08	4	0.000369	0.082707	[]
2	2	0x60288e30	76	0.000369	1.569278	[]
2	2	0x60289790	12	0.000373	0.245139	[]
2	2	0x6028979c	156	0.000385	3.093143	[]
2	2	0x60289fbc	4	0.000377	0.080852	[]
2	2	0x60289fc0	36	0.000380	0.722555	[]
2	2	0x60289fe4	32	0.000375	0.650953	[]
2	2	0x6029a1b8	4	0.000374	0.081582	[]
2	2	0x6029a1bc	184	0.000375	3.741175	[]
2	2	0x6029a278	516	0.000478	8.233986	[]
2	2	0x6029a47c	4	0.000374	0.081693	[]
2	2	0x6029a6a4	76	0.000376	1.543787	[]
2	2	0x6029b004	12	0.000370	0.247767	[]
2	2	0x6029b010	156	0.000367	3.243879	[]
2	2	0x6029b830	4	0.000335	0.091187	[]
2	2	0x6029b834	36	0.000337	0.814280	[]
2	2	0x6029b858	32	0.000336	0.725764	[]
2	2	0x602aba2c	4	0.000334	0.091460	[]
2	2	0x602aba30	184	0.000336	4.179980	[]
2	2	0x602abaec	516	0.000440	8.939033	[]
2	2	0x602abcf0	4	0.000332	0.091912	[]
2	2	0x602abf18	76	0.000334	1.734047	[]
2	2	0x602ac878	12	0.000323	0.283699	[]
2	2	0x602ac884	156	0.000340	3.497758	[]
2	2	0x602ad0a4	4	0.000335	0.090999	[]
2	2	0x602ad0a8	36	0.000333	0.823709	[]
2	2	0x602ad0cc	32	0.000336	0.726388	[]
2	2	0x602bd2a0	4	0.000334	0.091411	[]
2	2	0x602bd2a4	184	0.000334	4.204254	[]
2	2	0x602bd360	516	0.000438	8.989655	[]
2	2	0x602bd564	4	0.000337	0.090452	[]
2	2	0x602bd78c	76	0.000344	1.684330	[]
2	2	0x602be0ec	12	0.000368	0.248594	[]
2	2	0x602be0f8	156	0.000378	3.149872	[]
2	2	0x602be918	4	0.000374	0.081515	[]
2	2	0x602be91c	36	0.000377	0.727878	[]
2	2	0x602be940	32	0.000374	0.652798	[]
2	2	0x602ceb14	4	0.000376	0.081163	[]
2	2	0x602ceb18	184	0.000339	4.138562	[]
2	2	0x602cebd4	516	0.000485	8.122037	[]
2	2	0x602cedd8	4	0.000334	0.091334	[]
2	2	0x602cf000	76	0.000377	1.538421	[]
2	2	0x602cf960	12	0.000379	0.241563	[]
2	2	0x602cf96c	156	0.000386	3.079696	[]
2	2	0x602d018c	4	0.000378	0.080742	[]
2	2	0x602d0190	36	0.000361	0.760740	[]
2	2	0x602d01b4	32	0.000334	0.730038	[]
2	2	0x602e0388	4	0.000341	0.089597	[]
2	2	0x602e038c	184	0.000339	4.146888	[]
2	2	0x602e0448	516	0.000447	8.810595	[]
2	2	0x602e064c	4	0.000345	0.088364	[]
2	2	0x602e0874	76	0.000335	1.730068	[]
2	2	0x602e11d4	12	0.000328	0.278783	[]
2	2	0x602e11e0	156	0.000334	3.563099	[]
2	2	0x602e1a00	4	0.000334	0.091290	[]
2	2	0x602e1a04	36	0.000332	0.826186	[]
2	2	0x602e1a28	32	0.000333	0.733107	[]
2	2	0x602f1bfc	4	0.000335	0.091179	[]
2	2	0x602f1c00	184	0.000338	4.152150	[]
2	2	0x602f1cbc	516	0.000439	8.964476	[]
2	2	0x602f1ec0	4	0.000337	0.090629	[]
2	2	0x602f20e8	76	0.000342	1.694965	[]
2	2	0x602f2a48	12	0.000374	0.245002	[]
2	2	0x602f2a54	156	0.000381	3.126054	[]
2	2	0x602f3274	4	0.000367	0.083120	[]
2	2	0x602f3278	36	0.000376	0.731211	[]
2	2	0x602f329c	32	0.000367	0.665520	[]
2	2	0x60303470	4	0.000377	0.080948	[]
2	2	0x60303474	184	0.000365	3.843724	[]
2	2	0x60303530	516	0.000474	8.313801	[]
2	2	0x60303734	4	0.000363	0.084089	[]
2	2	0x6030395c	76	0.000363	1.599445	[]
2	2	0x603042bc	12	0.000359	0.254985	[]
2	2	0x603042c8	156	0.000372	3.195369	[]
2	2	0x60304ae8	4	0.000363	0.083998	[]
2	2	0x60304aec	36	0.000366	0.751046	[]
2	2	0x60304b10	32	0.000333	0.733966	[]
2	2	0x60314ce4	4	0.000338	0.090216	[]
2	2	0x60314ce8	184	0.000335	4.191462	[]
2	2	0x60314da4	516	0.000439	8.974899	[]
2	2	0x60314fa8	4	0.000334	0.091501	[]
2	2	0x603151d0	76	0.000335	1.732342	[]
2	2	0x60315b30	12	0.000343	0.266987	[]
2	2	0x60315b3c	156	0.000336	3.546536	[]
2	2	0x6031635c	4	0.000333	0.091702	[]
2	2	0x60316360	36	0.000334	0.821833	[]
2	2	0x60316384	32	0.000337	0.723442	[]
2	2	0x60326558	4	0.000333	0.091545	[]
2	2	0x6032655c	184	0.000337	4.163492	[]
2	2	0x60326618	516	0.000440	8.954485	[]
2	2	0x6032681c	4	0.000336	0.090934	[]
2	2	0x60326a44	76	0.000332	1.746377	[]
2	2	0x603273a4	12	0.000361	0.253516	[]
2	2	0x603273b0	156	0.000366	3.254167	[]
2	2	0x60327bd0	4	0.000363	0.083987	[]
2	2	0x60327bd4	36	0.000371	0.740097	[]
2	2	0x60327bf8	32	0.000363	0.672190	[]
2	2	0x60337dcc	4	0.000363	0.084012	[]
2	2	0x60337dd0	184	0.000364	3.858090	[]
2	2	0x60337e8c	516	0.000474	8.306240	[]
2	2	0x60338090	4	0.000374	0.081506	[]
2	2	0x603382b8	76	0.000365	1.589187	[]
2	2	0x60338c18	12	0.000359	0.254765	[]
2	2	0x60338c24	156	0.000369	3.225776	[]
2	2	0x60339444	4	0.000366	0.083329	[]
2	2	0x60339448	36	0.000363	0.757674	[]
2	2	0x6033946c	32	0.000367	0.664361	[]
2	2	0x60349640	4	0.000363	0.084063	[]
2	2	0x60349644	184	0.000362	3.875976	[]
2	2	0x60349700	516	0.000471	8.351190	[]
2	2	0x60349904	4	0.000365	0.083619	[]
2	2	0x60349b2c	76	0.000361	1.608363	[]
2	2	0x6034a48c	12	0.000355	0.257821	[]
2	2	0x6034a498	156	0.000335	3.555435	[]
2	2	0x6034acb8	4	0.000333	0.091611	[]
2	2	0x6034acbc	36	0.000335	0.820363	[]
2	2	0x6034ace0	32	0.000333	0.733371	[]
2	2	0x6035aeb4	4	0.000335	0.091198	[]
2	2	0x6035aeb8	184	0.000335	4.190961	[]
2	2	0x6035af74	516	0.000440	8.949802	[]
2	2	0x6035b178	4	0.000334	0.091506	[]
2	2	0x6035b3a0	76	0.000335	1.729810	[]
1	2	0x602435c0	12	0.000331	0.276442	[]
1	2	0x602435cc	156	0.000335	3.554161	[]
1	2	0x60243dec	4	0.000337	0.090650	[]
1	2	0x60243df0	36	0.000333	0.824846	[]
1	2	0x60243e14	32	0.000335	0.727839	[]
1	2	0x60253fe8	4	0.000337	0.090484	[]
1	2	0x60253fec	184	0.000335	4.186462	[]
1	2	0x602540a8	516	0.000444	8.861364	[]
1	2	0x602542ac	4	0.000341	0.089405	[]
1	2	0x602544d4	76	0.000348	1.665467	[]
1	2	0x60254e34	12	0.000358	0.255883	[]
1	2	0x60254e40	156	0.000364	3.270540	[]
1	2	0x60255660	4	0.000363	0.084144	[]
1	2	0x60255664	36	0.000365	0.751971	[]
1	2	0x60255688	32	0.000323	0.755451	[]
1	2	0x6026585c	4	0.000363	0.083966	[]
1	2	0x60265860	184	0.000362	3.873633	[]
1	2	0x6026591c	516	0.000475	8.292611	[]
1	2	0x60265b20	4	0.000362	0.084244	[]
1	2	0x60265d48	76	0.000361	1.607203	[]
1	2	0x602666a8	12	0.000327	0.280354	[]
1	2	0x602666b4	156	0.000359	3.318959	[]
1	2	0x60266ed4	4	0.000332	0.091970	[]
1	2	0x60266ed8	36	0.000332	0.826609	[]
1	2	0x60266efc	32	0.000341	0.715951	[]
1	2	0x602770d0	4	0.000335	0.091081	[]
1	2	0x602770d4	184	0.000329	4.260653	[]
1	2	0x60277190	516	0.000439	8.965089	[]
1	2	0x60277394	4	0.000335	0.091062	[]
1	2	0x602775bc	76	0.000332	1.746004	[]
1	2	0x60277f1c	12	0.000329	0.278046	[]
1	2	0x60277f28	156	0.000334	3.566516	[]
1	2	0x60278748	4	0.000338	0.090283	[]
1	2	0x6027874c	36	0.000332	0.827005	[]
1	2	0x60278770	32	0.000335	0.728950	[]
1	2	0x60288944	4	0.000345	0.088543	[]
1	2	0x60288948	184	0.000334	4.207795	[]
1	2	0x60288a04	516	0.000438	8.983706	[]
1	2	0x60288c08	4	0.000334	0.091307	[]
1	2	0x60288e30	76	0.000334	1.735188	[]
1	2	0x60289790	12	0.000359	0.255327	[]
1	2	0x6028979c	156	0.000365	3.262471	[]
1	2	0x60289fbc	4	0.000363	0.083982	[]
1	2	0x60289fc0	36	0.000359	0.764337	[]
1	2	0x60289fe4	32	0.000359	0.679129	[]
1	2	0x6029a1b8	4	0.000426	0.071699	[]
1	2	0x6029a1bc	184	0.000371	3.778849	[]
1	2	0x6029a278	516	0.000488	8.063808	[]
1	2	0x6029a47c	4	0.000361	0.084477	[]
1	2	0x6029a6a4	76	0.000360	1.609657	[]
1	2	0x6029b004	12	0.000357	0.256715	[]
1	2	0x6029b010	156	0.000364	3.269633	[]
1	2	0x6029b830	4	0.000364	0.083733	[]
1	2	0x6029b834	36	0.000364	0.755548	[]
1	2	0x6029b858	32	0.000360	0.679015	[]
1	2	0x602aba2c	4	0.000363	0.084070	[]
1	2	0x602aba30	184	0.000369	3.802288	[]
1	2	0x602abaec	516	0.000462	8.516129	[]
1	2	0x602abcf0	4	0.000331	0.092106	[]
1	2	0x602abf18	76	0.000333	1.740872	[]
1	2	0x602ac878	12	0.000332	0.276085	[]
1	2	0x602ac884	156	0.000334	3.566623	[]
1	2	0x602ad0a4	4	0.000336	0.090845	[]
1	2	0x602ad0a8	36	0.000334	0.822524	[]
1	2	0x602ad0cc	32	0.000332	0.736446	[]
1	2	0x602bd2a0	4	0.000333	0.091691	[]
1	2	0x602bd2a4	184	0.000339	4.137220	[]
1	2	0x602bd360	516	0.000452	8.714444	[]
1	2	0x602bd564	4	0.000339	0.090081	[]
1	2	0x602bd78c	76	0.000334	1.737689	[]
1	2	0x602be0ec	12	0.000333	0.274858	[]
1	2	0x602be0f8	156	0.000334	3.559689	[]
1	2	0x602be918	4	0.000339	0.090048	[]
1	2	0x602be91c	36	0.000336	0.817749	[]
1	2	0x602be940	32	0.000334	0.730125	[]
1	2	0x602ceb14	4	0.000346	0.088135	[]
1	2	0x602ceb18	184	0.000368	3.815817	[]
1	2	0x602cebd4	516	0.000470	8.367876	[]
1	2	0x602cedd8	4	0.000361	0.084622	[]
1	2	0x602cf000	76	0.000362	1.603164	[]
1	2	0x602cf960	12	0.000360	0.254567	[]
1	2	0x602cf96c	156	0.000370	3.213660	[]
1	2	0x602d018c	4	0.000386	0.079120	[]
1	2	0x602d0190	36	0.000377	0.728863	[]
1	2	0x602d01b4	32	0.000362	0.674250	[]
1	2	0x602e0388	4	0.000360	0.084832	[]
1	2	0x602e038c	184	0.000361	3.886825	[]
1	2	0x602e0448	516	0.000469	8.388559	[]
1	2	0x602e064c	4	0.000370	0.082533	[]
1	2	0x602e0874	76	0.000385	1.506685	[]
1	2	0x602e11d4	12	0.000332	0.275835	[]
1	2	0x602e11e0	156	0.000333	3.577762	[]
1	2	0x602e1a00	4	0.000335	0.091208	[]
1	2	0x602e1a04	36	0.000335	0.819897	[]
1	2	0x602e1a28	32	0.000335	0.728643	[]
1	2	0x602f1bfc	4	0.000335	0.091176	[]
1	2	0x602f1c00	184	0.000334	4.206269	[]
1	2	0x602f1cbc	516	0.000440	8.954689	[]
1	2	0x602f1ec0	4	0.000333	0.091672	[]
1	2	0x602f20e8	76	0.000300	1.931415	[]
1	2	0x602f2a48	12	0.000334	0.274051	[]
1	2	0x602f2a54	156	0.000336	3.543263	[]
1	2	0x602f3274	4	0.000334	0.091466	[]
1	2	0x602f3278	36	0.000336	0.818431	[]
1	2	0x602f329c	32	0.000339	0.720474	[]
1	2	0x60303470	4	0.000335	0.091108	[]
1	2	0x60303474	184	0.000365	3.846673	[]
1	2	0x60303530	516	0.000460	8.562993	[]
1	2	0x60303734	4	0.000365	0.083626	[]
1	2	0x6030395c	76	0.000363	1.597198	[]
1	2	0x603042bc	12	0.000359	0.255056	[]
1	2	0x603042c8	156	0.000364	3.265515	[]
1	2	0x60304ae8	4	0.000371	0.082167	[]
1	2	0x60304aec	36	0.000363	0.756672	[]
1	2	0x60304b10	32	0.000373	0.655321	[]
1	2	0x60314ce4	4	0.000367	0.083206	[]
1	2	0x60314ce8	184	0.000378	3.713269	[]
1	2	0x60314da4	516	0.000471	8.353671	[]
1	2	0x60314fa8	4	0.000373	0.081805	[]
1	2	0x603151d0	76	0.000365	1.587495	[]
1	2	0x60315b30	12	0.000335	0.273528	[]
1	2	0x60315b3c	156	0.000335	3.551605	[]
1	2	0x6031635c	4	0.000333	0.091619	[]
1	2	0x60316360	36	0.000335	0.818675	[]
1	2	0x60316384	32	0.000338	0.722434	[]
1	2	0x60326558	4	0.000334	0.091351	[]
1	2	0x6032655c	184	0.000334	4.207530	[]
1	2	0x60326618	516	0.000439	8.960803	[]
1	2	0x6032681c	4	0.000334	0.091244	[]
1	2	0x60326a44	76	0.000336	1.726256	[]
1	2	0x603273a4	12	0.000334	0.274330	[]
1	2	0x603273b0	156	0.000336	3.539049	[]
1	2	0x60327bd0	4	0.000339	0.090104	[]
1	2	0x60327bd4	36	0.000334	0.822254	[]
1	2	0x60327bf8	32	0.000334	0.731109	[]
1	2	0x60337dcc	4	0.000333	0.091721	[]
1	2	0x60337dd0	184	0.000325	4.314486	[]
1	2	0x60337e8c	516	0.000460	8.564111	[]
1	2	0x60338090	4	0.000381	0.080062	[]
1	2	0x603382b8	76	0.000370	1.565760	[]
1	2	0x60338c18	12	0.000369	0.247908	[]
1	2	0x60338c24	156	0.000373	3.191950	[]
1	2	0x60339444	4	0.000397	0.076899	[]
1	2	0x60339448	36	0.000384	0.715550	[]
1	2	0x6033946c	32	0.000376	0.648496	[]
1	2	0x60349640	4	0.000368	0.083023	[]
1	2	0x60349644	184	0.000372	3.776004	[]
1	2	0x60349700	516	0.000484	8.128896	[]
1	2	0x60349904	4	0.000368	0.082829	[]
1	2	0x60349b2c	76	0.000375	1.546096	[]
1	2	0x6034a48c	12	0.000365	0.250636	[]
1	2	0x6034a498	156	0.000340	3.504545	[]
1	2	0x6034acb8	4	0.000343	0.088923	[]
1	2	0x6034acbc	36	0.000353	0.777052	[]
1	2	0x6034ace0	32	0.000335	0.729320	[]
1	2	0x6035aeb4	4	0.000336	0.090796	[]
1	2	0x6035aeb8	184	0.000336	4.175616	[]
1	2	0x6035af74	516	0.000453	8.690801	[]
1	2	0x6035b178	4	0.000344	0.088641	[]
1	2	0x6035b3a0	76	0.000337	1.718989	[]
0	2	0x602435c0	12	0.000333	0.274865	[]
0	2	0x602435cc	156	0.000337	3.529184	[]
0	2	0x60243dec	4	0.000336	0.090712	[]
0	2	0x60243df0	36	0.000336	0.816946	[]
0	2	0x60243e14	32	0.000339	0.719453	[]
0	2	0x60253fe8	4	0.000338	0.090224	[]
0	2	0x60253fec	184	0.000345	4.067219	[]
0	2	0x602540a8	516	0.000443	8.887773	[]
0	2	0x602542ac	4	0.000335	0.090967	[]
0	2	0x602544d4	76	0.000339	1.712288	[]
0	2	0x60254e34	12	0.000378	0.241927	[]
0	2	0x60254e40	156	0.000372	3.203721	[]
0	2	0x60255660	4	0.000369	0.082688	[]
0	2	0x60255664	36	0.000382	0.719317	[]
0	2	0x60255688	32	0.000369	0.660890	[]
0	2	0x6026585c	4	0.000367	0.083084	[]
0	2	0x60265860	184	0.000367	3.820698	[]
0	2	0x6026591c	516	0.000473	8.324172	[]
0	2	0x60265b20	4	0.000364	0.083772	[]
0	2	0x60265d48	76	0.000366	1.582598	[]
0	2	0x602666a8	12	0.000374	0.244793	[]
0	2	0x602666b4	156	0.000356	3.339728	[]
0	2	0x60266ed4	4	0.000336	0.090931	[]
0	2	0x60266ed8	36	0.000337	0.814137	[]
0	2	0x60266efc	32	0.000336	0.726110	[]
0	2	0x602770d0	4	0.000337	0.090610	[]
0	2	0x602770d4	184	0.000344	4.085221	[]
0	2	0x60277190	516	0.000443	8.884764	[]
0	2	0x60277394	4	0.000337	0.090535	[]
0	2	0x602775bc	76	0.000338	1.716343	[]
